,accuracy,precision,recall,f1_score,roc_auc
xgboost_url_only,0.9896301182496338,0.9900898987753947,0.9947513654984069,0.9924151583309091,0.9979899758433448
