Model,Accuracy,Precision,Recall,F1-Score,ROC-AUC
XGBoost,0.9906495824320786,0.9912434822035819,0.9950785161583978,0.9931572969903464,0.9981928235434444
LightGBM,0.9887096617748334,0.9896184460244172,0.9938694811106054,0.9917394081328508,0.9977435483743137
Random Forest,0.9881955828006634,0.9889315084004473,0.9938125853436505,0.9913660388067114,0.9971407712695992
Logistic Regression,0.9869928319931714,0.9864291054777322,0.9946091260810196,0.9905022274790886,0.989903948909062
Decision Tree,0.9846746268077635,0.9888604353393086,0.9886635184342285,0.9887619670825213,0.983118380265219
Gradient Boosting,0.9761195767093126,0.9718327491236856,0.9937841374601729,0.9826858702073195,0.9940765491364218
AdaBoost,0.9441787830877717,0.9282539177049746,0.9950500682749204,0.9604920812538187,0.9798499435261843
