,accuracy,precision,recall,f1_score,roc_auc
xgboost,0.9908911889957026,0.991525063420303,0.9951496358670915,0.9933340432328825,0.9983538769288972
